Velocity_Upon_Capture_X,Velocity_Upon_Capture_Y,Velocity_Upon_Capture_Z,Initial_Velocity_X,Initial_Velocity_Y,Initial_Velocity_Z,Time_Captured,Position_Captured_X,Position_Captured_Y,Position_Captured_Z
219.57510457624676,19.508517965897102,15.335844268545324,217.48503994130246,72.21407923499244,61.010010657432126,0.0006389999999999999,0.14518721937760717,0.01589581227974403,0.007942765950586217
228.9357943673129,10.678536139429035,4.2246555699595465,226.79725456580746,41.95855508797923,10.500846126753643,0.0006399999999999999,0.14520042143644254,0.0019003627358428038,-0.0009973492537567344
191.92694433598325,0.20525320047717419,10.71835761457873,188.4477339380726,0.7518694709690673,59.88412686771434,0.0007599999999999999,0.14507319721276113,0.0009384538892586266,0.007429790924123992
179.8071287934809,-9.650443141563644,29.209685305686406,176.9247760999038,-41.17632129774582,84.56706983741526,0.000789,0.1450847542162794,-0.009668681856683008,0.030672587685060548
178.91409549289787,-10.264189194815978,17.45477017705185,175.36406118322537,-52.60913740328238,75.91179568186881,0.0007909999999999999,0.14500426497095795,-0.013526068734765837,0.015447483554779417
187.60715796677067,-6.193014291947724,11.785987950260264,184.02999501396684,-28.605085234472032,74.05069037634982,0.0008049999999999999,0.14501544926144896,0.00014683121522602102,0.013868822339582698
179.29295118154778,-7.174234030821702,7.503934433791132,175.13600036708647,-30.716825829914747,35.92503588957484,0.0008129999999999999,0.14512255717116795,-0.003992595635671834,0.007927606833497691
163.79075163409283,6.749490700390972,4.326470945543562,158.5753430908253,43.945714058452864,20.72760234910413,0.000901,0.1450494618729594,0.00973863312205894,0.0071443032406802755
157.68957308379547,-7.746606578717511,8.969573973575713,151.7383339639323,-47.09234334900718,60.10637712184638,0.000926,0.14514711769604924,-0.0003554337680028951,0.007160212341923516
165.69568892646768,4.158758320148176,4.927822530838133,160.46160769910753,27.332565069376404,52.60962931294142,0.0009339999999999999,0.14504434112162004,0.005934052834284839,0.010979275464981049
147.98202571179553,-0.642518605666555,31.287500811008012,143.77646111116468,-2.0179445349544496,89.4191014672162,0.0009729999999999999,0.1451063788181112,0.001348718334271999,0.04077841138373051
148.38467347483376,1.7048165366832344,7.742146494468481,142.18766353519985,9.381259619657214,73.52001106138098,0.001016,0.14506611604143602,0.00576819186230856,0.017827536430148828
143.99589820684196,6.25641083103579,7.165318578351776,136.63893290382896,57.23898363496996,66.45207857321557,0.001034,0.14509413879408797,0.009872828156690362,0.011236155255901017
139.89093914499486,-4.4201400084211215,3.0909398443943785,131.4331764286255,-37.37293377650146,19.267882753318563,0.001075,0.14507032824538016,-0.008960042327265398,0.004800590691742146
141.23203246630382,1.0532993284657433,5.029233094176932,132.49631419575115,8.985838317890899,64.98342645808842,0.001103,0.14510502174195378,0.0043267982352221766,0.006867702183091828
124.90511077700076,-5.115257031067981,6.17433257609889,113.54359426907718,-38.756107416112265,65.52309062971997,0.001176,0.14502843288779577,-0.004443063222306572,0.012373859399425365
128.17008882526295,-4.171144968293851,5.002452260977317,117.47623131198164,-36.27049184554039,64.53672855108303,0.001179,0.1450865530714599,-0.004371489661795714,0.011381500679798639
125.13884010242084,-4.829947247741857,2.802102720985182,113.77976811124007,-43.41359159037188,26.295715800055028,0.001207,0.14507941593756565,0.00032945675451174957,0.00996957230154713
124.38263502206115,-8.064401030627973,7.441983167790336,116.64589522722055,-80.47986167187796,68.00682977865024,0.0012079999999999999,0.14501151359770195,-0.026747901375200424,0.01125221534983544
118.19608069693932,-3.9018480090944183,5.390489313257586,104.91925826814324,-33.295281219805396,62.85959020119512,0.0012599999999999998,0.1451126613582279,-0.008098173063165463,0.010134241737380888
113.95185849617732,-10.895965415111371,8.137707686634645,104.17896488704739,-77.10936792563909,75.00086046579186,0.001263,0.14503347732933294,-0.02000546224784388,0.022696976969123456
115.30566748996382,8.721520688911177,5.219325526364476,102.73619227560025,81.36071698277273,56.925060143295006,0.001297,0.14508442805087202,0.020070701146072786,0.006336862618681458
107.08929584237603,2.737362233336127,3.4066266053859438,88.46848507747158,21.42846068378294,49.29734279042295,0.00141,0.14504808017964232,0.0033686363102303335,0.01052981739155624
107.45716583953362,-1.8298282176069187,3.2109275427912047,90.82655060392281,-11.062053094006274,60.91624647002817,0.001419,0.14503342596749005,0.0036810850248343813,0.014274732596839281
108.7576119533958,2.59092962608569,3.6218309049768322,90.30025366298206,22.37639165116784,56.588889857288436,0.001419,0.1450449385751713,-0.0020206094207750303,0.007482246680623252
109.40024035360213,-2.5619431509861084,9.381516794912445,97.81784487860992,-39.20771054366721,91.69248155187884,0.001428,0.14501793986716,-0.00931225644395819,0.029342958304351633
103.60506434175721,3.4176286641534928,3.2773958894948403,86.34712960356921,64.39260682439087,77.00102204312424,0.0015119999999999999,0.14507008105468303,0.010645281698374327,0.01743286313849049
100.87370748908074,-3.2090624224648203,5.002700782976473,85.77780350343112,-43.524440441022364,86.8194117279631,0.0015459999999999998,0.1450350827294507,-0.0064447604590696,0.026407888468222975
95.93869178708039,4.517968958866573,12.415552296152109,87.48305612095389,48.335360183028186,92.34990947604386,0.0015509999999999999,0.14506147295271068,0.015283575458106763,0.04515932023680636
104.91909855140813,-0.020621004079227314,2.150863790420713,82.12444537410853,0.21442773189701778,63.65006074614439,0.001552,0.14507647585660427,0.0005672991698588261,0.005845513362990884
104.21017479315472,-1.7216096614314906,0.562583139034822,81.7391734113599,-48.57684381425353,21.79972218068972,0.00157,0.14503224586246072,-0.005517413426184458,0.006939074864333436
99.80523060164285,2.484468369508914,5.610679190484592,82.37412469018555,40.44494180233185,87.56337406539457,0.001571,0.14509791915766687,0.00779862176186356,0.023838251467292584
102.17054373816681,-1.9188423035731346,3.8156478440363424,83.20217969524874,-58.364561639313635,83.24779539237082,0.0015739999999999999,0.1450164638691275,-0.011018140867763516,0.01656431490314819
102.09919653533038,-2.3643884560686734,3.004280759125055,80.51502645184914,-69.98043147136632,78.39339598367995,0.0015869999999999999,0.1450112042789896,-0.010378741719116368,0.011433921091942155
97.57683231448034,-2.6669069072567546,8.183235118693165,85.25055864227579,-52.477059823604534,92.63244278186667,0.001599,0.14500611127221624,-0.01325140261248876,0.034382718202521555
96.77473719756752,-1.9432210606448361,2.6342059033890415,71.107589195135,-29.060924304616606,57.83561370310102,0.001624,0.14507283506588822,-0.009062102567091656,0.009865336817266711
98.72896893453196,-1.9625103662280754,2.096665737819437,75.02541617564555,-53.625019169343716,74.67916905412457,0.00164,0.14509816250519464,-0.007868692227239632,0.013129795205304563
96.13903070295655,-1.2348089365497201,4.5001360504928565,74.93339574440817,-10.543917186165755,85.7060972315952,0.001647,0.1450158571055632,0.0027725007295930043,0.021711897704443123
97.03733884223837,1.769805294059207,2.6541175430855906,75.71522872695772,27.726930349860595,82.34984326714238,0.0016539999999999999,0.14507000509885326,0.0058586274561526295,0.019570610540067417
102.06181909683293,0.7407735860342507,0.2903234348297599,78.17194127099613,10.270954559005073,60.667001269445215,0.001666,0.14505654688733635,-0.0035038071308974425,0.010140713452111831
103.30022917435183,0.710325437698054,-0.06698120644818074,79.4529403956326,42.511789026866694,27.325663413622085,0.001668,0.1450536632723515,0.006516336848829846,0.007842893148173555
92.91065162098116,-2.1678029164181436,4.2260096772102935,71.5805388215339,-18.211823042528906,83.84015510024062,0.0016799999999999999,0.14508029064423497,0.0006036726342714498,0.023931102137461562
100.78654974955725,-1.3266550583702685,0.13104523951151723,75.0551700706214,-52.43119919681783,51.02108240132688,0.0016899999999999999,0.14509689611071686,-0.002555912630440642,0.009386336395581557
99.24730238579811,-1.495318853625018,1.890458695360787,75.14430184328339,-76.60268954596785,82.04422565762502,0.00171,0.14501266259528608,-0.011816196472267877,0.011212759400175543
94.04744531807232,1.0937884577861856,3.4611272868103624,74.03370088862506,11.119101397364648,88.84912963498323,0.0017109999999999998,0.14501816163173656,-0.0008173448561476538,0.02533146178894994
89.71982876581411,-2.5412468462407465,4.321800333575482,68.78434160414145,-23.65978064545902,83.71949419674434,0.0017159999999999999,0.14506008909132725,-0.007477781750322736,0.026289092644696255
98.49614552420249,1.331889058958907,0.5911240253380525,73.71629091522337,77.42843169789143,55.31794419749971,0.001731,0.1450961404999075,0.013347734287949614,0.007970642260663362
96.50127395267155,0.8191873201431561,0.7673491380441575,66.81233017943075,22.598688451087337,48.42307454967766,0.0017319999999999998,0.14502143042598767,0.0051597584462842174,0.008036836208884126
95.13401155791779,-0.11253429612935702,1.195252191570178,64.29778337147522,0.08658409835595433,66.8420903364129,0.0017339999999999999,0.14500263502515642,0.0018147792447113897,0.010703850661166182
95.25263974722348,-1.0080586300507246,0.30224370218202745,64.79725077497747,-39.9214595366014,34.40242464512725,0.001764,0.14505871850773489,-0.007351518065683424,0.00872897232826167
96.77558580769605,-0.3885931670636778,0.9202648132471939,67.41350195848769,-34.37977188626607,70.01502166584675,0.001766,0.1450901776289885,-0.009141201329091062,0.00816119282318631
92.9061938451955,1.6987482509827665,2.1594096432967387,58.13550132214663,44.799085710243936,67.73230152863906,0.001779,0.14507255386205753,0.005496895958012546,0.007367780953995127
94.89648769452224,0.7724852890493727,0.7213187561881137,63.90449588948065,48.665746972697036,56.0315740009111,0.0017909999999999998,0.14501415284575625,0.008752822045615248,0.007569688269686452
95.78511799841843,-1.1502927123669737,0.9467447958527717,63.01420873075043,-35.16593489807921,69.83857508170404,0.001794,0.14501568930540495,0.0004941092078501662,0.007497446945705128
89.60467448974752,1.897024510024558,2.084320650072646,55.70621922256019,50.1937125255279,57.529194040797975,0.001807,0.14503934721376596,0.011457525186230989,0.009788787084908735
89.91961095356702,-2.845353518106683,2.003042039986091,68.90794338175938,-90.55889624233325,42.38929254560631,0.001834,0.14506992875706146,-0.027681880704855975,0.004988235413700877
95.59771576755654,0.6528765134583305,0.8590708834694627,59.9518984313072,17.455397314159566,51.45408873837608,0.0018369999999999999,0.14500147342420872,-0.0017235838124511538,0.0028635300442270595
93.62172958981557,-0.5353049348576262,1.2338310486081752,56.474299631620184,-26.859596367611754,71.41389557927779,0.001857,0.14501781689057414,-0.0046588768039371375,0.005233882423996658
88.90184245816437,3.180775492983915,1.5752014356459512,60.86981609607781,89.19285003150735,61.22853477544162,0.0018709999999999998,0.14505336528994517,0.022257543993504016,0.007035126151692117
92.52121265763088,1.337412819027197,-0.28759778761860755,59.31359401986454,67.03937175317532,71.33128014100717,0.0018889999999999998,0.1450530114104957,0.003985120339980471,0.012554110555839462
90.55394766529527,1.0052954403146457,0.6589170344379904,49.56492913364686,79.15774295227536,56.54053523320469,0.001954,0.14506506150209833,0.010617712478684118,0.004592759991505117
93.47445987305515,-0.0507760044171819,-0.2264071094656262,52.42000322965881,24.373721864344798,56.88674057471664,0.002006,0.14505692812590315,0.00509071548351819,0.005744191929513328
89.18919945785275,-0.6234800156721678,0.5603794184231193,39.05105575393592,-25.111475744630546,71.0004519083206,0.002007,0.14507172841910368,-0.0015700448541800514,0.007289049754134587
77.42454503281472,0.13682168055554825,5.986001847064105,64.97616620869687,4.551734259971759,98.60723673219096,0.0020109999999999998,0.14502359331882733,0.0074947318685233705,0.048714441331013526
90.29864947719648,-0.038780501510791786,0.6485611549571048,45.16774655930865,-63.681180405863195,25.16882116652728,0.0020369999999999997,0.1450002126575411,-0.009065726677694645,0.0002981349516097139
87.54342284358302,0.20582670216822602,0.6898332529058439,46.94957982654447,40.28026063930934,88.01969270811225,0.002038,0.14505585743335694,0.008483785497603225,0.01459301888939962
88.57457347218646,-0.8450939453919314,0.5463291750822437,31.953537568986473,-42.97073848660033,32.01190054743579,0.002042,0.14502092765514177,-0.0014429249058900719,0.003493336087040726
88.38066948950085,-0.31850153672250714,0.029574667603994183,45.36400864714889,22.954618454465884,65.41999723529582,0.002067,0.14505045585201617,0.010541977571582043,0.0076810498737736686
89.88626209524782,0.28758864114872656,0.6453982410231741,43.71268905240051,-34.7065728961826,37.839960777358726,0.0020759999999999997,0.1450801534525946,-0.009578117813615252,0.0007035089127417624
91.54738408010661,-0.14072731225602336,-0.9057202070395914,48.76543167056068,-41.42656990737948,67.37091529473007,0.0020829999999999998,0.14501014611953153,-0.003560843907579453,0.009629320785263878
90.34169078142058,0.3653739497455874,-0.5858526433411355,41.65126266502747,76.50105146016782,47.95157353780425,0.0021,0.1450839275704902,0.005235752280791184,0.0072304455539421685
90.01295009475851,0.011775838869380991,0.20160578297684426,36.909759726513315,-37.22319584655187,10.226400336676761,0.002108,0.1450402843154232,-0.00532125740585949,0.0007112346615911741
82.81493758804214,-0.09623219980997981,0.3842653217096614,51.44263445204557,-16.86040600240941,92.18087520407516,0.00211,0.14505173851618225,-0.00902384275504524,0.02365421595619199
87.16455297931394,-0.5080702843562834,0.6708715289059163,32.53479875621544,-74.83150901991408,8.520064555508267,0.0021119999999999997,0.14500759305882283,-0.009319578213006238,-0.001722216565739244
85.70093048072668,0.39991669762717313,0.6123879251779426,27.7603956547944,57.90983943313626,29.10136897900237,0.002119,0.14506180439468033,0.009485632430496743,0.0035933471759421855
89.22663400243414,0.0660318912546609,0.5459758541396769,33.80206449035289,56.73626411864404,12.465890268394238,0.002129,0.1450539190530906,0.00568046482992433,-0.0012141690250251035
87.69147828906956,0.5163216709135967,-0.12616388298802703,30.78414426852688,66.57442142642711,75.82151902658505,0.002147,0.14506222292169152,0.003087107009070293,0.00793647191080889
89.91067870643819,-0.06500715633632609,-0.3975415830927989,34.783708234516695,29.00842464698455,76.69471762193673,0.002159,0.14506234522112255,0.004169348655965613,0.006894935454942954
88.58385287785221,-0.21649521858296986,0.3224907040965418,25.82008054543089,-6.94189352881745,27.7889218862195,0.0021609999999999997,0.14501072850075308,0.0015930712994805228,0.0013867268532332527
82.92225102741115,0.33062558724321983,0.4283469846998437,31.69824981338152,71.24195950355684,36.27336055820096,0.002162,0.1450202610022805,0.014968139680324783,0.006967573908508351
91.39125770967586,0.25574913540424915,-0.2676383907993266,35.421618834707814,12.777159191463982,61.58780117041147,0.002165,0.1450717860984232,-0.0024024407114331047,0.0043150222788906
82.99784662116254,-0.3483821415441864,-0.801504359145264,44.2987381317523,-21.902518533895847,88.95677123492146,0.002166,0.14501100808973266,-0.006141335376967822,0.020301519924411322
84.96965790487093,0.11476804407161474,-0.30677391929493797,36.794685106814235,-15.755244741356984,84.86050489998193,0.002172,0.14506518184128983,-0.007032345518347935,0.014051173601814921
88.04864941687045,-0.4263200222109221,0.10895677068443657,27.880900218347513,0.8177472298306078,59.14615794722559,0.002192,0.14504129220752024,0.00619079900442738,0.003542109346401845
83.37432492066249,-0.8785726899275218,-0.2540842044404651,28.332987643543085,-47.533241245426254,83.99111427985675,0.002201,0.14505564872289106,-0.0022509004712882525,0.015061126995105744
88.65895209118925,-0.043857144990651076,-0.5666733154759542,28.5760444050628,12.443666265106183,40.055964935245484,0.0022069999999999998,0.14505301382819144,0.002431380849280782,0.00628658858337278
88.45467873249171,0.22925646810094605,0.08852319361830845,28.218276414290877,-50.99927717389731,64.37785103611584,0.0022129999999999997,0.1450017624136956,-0.007033591778665477,0.0030896246606827243
87.17898214291782,0.178806681564498,0.028562406827880076,14.527215134758515,46.54085153257138,52.10176642061472,0.002214,0.14505340345690293,0.0036573619669995057,0.004046884812587793
88.7358705584098,0.17219781232652084,-0.15509954277533516,26.266435395083395,-29.158646675386507,10.696475186301653,0.002216,0.1450093201535699,-0.005336979680356315,0.0026070935948685745
86.97201060998222,0.09743587916006109,0.022491135912043433,19.96697927678453,-33.38859556447398,47.5239044472329,0.002221,0.14507161026218066,-0.006192526516384833,0.0038901337812778593
88.46705843301677,0.21148381104572347,-0.4529752771919577,25.448041645694115,20.28955453282891,67.05818454385461,0.0022229999999999997,0.1450236137244622,-0.0004209757312085491,0.006223810612551885
85.68038263388428,-0.0028923111708958637,-0.7828949236748574,22.959409051174628,-22.234179388143293,69.99134731885596,0.002227,0.1450454933204496,-0.0051685878341638505,0.010139825301608153
88.09275354492708,0.21053593477068747,-0.03673374781834628,18.066211106814965,30.071700146972493,53.93027466682391,0.002229,0.14501338246490816,0.0006338586741787904,0.003504041111198349
87.55793768799025,-0.11279885026984406,-0.17006997753840522,19.047081599887715,-3.425980434416749,73.75893774910595,0.0022299999999999998,0.14505805550271303,0.0009976750907507166,0.005789806993177754
88.41815293701681,0.4386240510756484,0.33383038015313676,19.763391124796218,41.403151200153815,25.42249191404995,0.0022299999999999998,0.14500439455649927,-0.00242960869345998,0.00039992569386171226
88.20283977599185,-0.05591073514652282,-0.6033329124041373,26.57418238404714,26.45573926587751,53.720678745716306,0.002232,0.1450822430596999,0.003822890417386545,0.006624864333737862
90.1532847154001,-0.16459612391594905,-0.8278964408389485,34.4165635607609,-5.432771046737558,64.40402756507976,0.002234,0.14507127253494603,0.0018120963361572414,0.007511975529819859
86.4270556877032,0.2827921082470312,-0.6547501686537592,21.645784266353278,73.05989516107759,58.73065959540161,0.0022429999999999998,0.14504355067137223,0.005151457534462722,0.007853589874799357
88.44873549344368,0.007084740299707202,-0.7135897436694651,25.321859251393455,16.225188775970324,38.34413179334959,0.0022489999999999997,0.1450525149959263,0.00175237578963049,0.006748189597239321
89.26285478156892,0.012724895868411414,0.5025517163084886,21.135888337304237,-5.838764353670992,13.787268027533797,0.00225,0.14506740146841943,-0.0007503281811883883,-0.0016231100789122544
88.08235898475117,-0.5115361348900284,-0.5730911301667889,33.98294496666522,34.405911875555205,57.15425380699281,0.002257,0.14505965441912674,0.009598942960026474,0.006433106506614132
89.38242672003602,0.07755415009412292,0.29123765940317564,15.523835388963262,-16.07484343920901,38.46343969958166,0.00226,0.14505140835408428,-0.0023393995559896053,0.00023483873815878745
90.07790360507882,-0.202736091684585,-0.31739526088597175,26.71991593131058,-8.250867286665981,59.581074703435114,0.002261,0.14503136689105148,0.0022774586000996765,0.004092977094556846
86.39911226775182,0.1313584317048155,-0.34735285239837577,5.68556157494862,-2.268013760534002,22.42874449867999,0.0022689999999999997,0.14507876013660195,-0.002322696946043719,0.004959347508576035
88.6796482811087,-0.12368371818025797,-0.5115682626343848,18.839372698024196,-27.259942280055405,9.873650743950524,0.002277,0.1450857637797647,-0.0003793354765680364,0.004544306028733645
88.74413836689986,-0.1552209796533303,0.0446741416713489,17.649727066997414,25.555303422611317,61.84147944061965,0.00228,0.1450221130488317,0.003962767563568424,0.002183278800653747
88.20103552641874,0.337393952855775,-0.3904366901219434,21.55678339711221,-11.463430764021817,41.76789642844271,0.002286,0.1450661096480222,-0.005735456101720421,0.004672359878620025
85.84882905132278,0.28069034167211343,-0.7967253070937061,4.152761271011846,14.192017503419555,49.963732394082136,0.00229,0.14500838467425617,-0.0011960358539850463,0.00823749820182952
87.0130178056045,-0.13665819772800197,-0.5314211672845205,1.4687784055160358,8.69869297622501,15.665400127239462,0.00229,0.1450289751963816,0.0031387130604804405,0.005201311356151428
84.73898636763298,-0.45208010585516006,0.13823540515634067,20.913568650204546,72.79281047011764,15.97668657481942,0.0022949999999999997,0.1450225715631311,0.012663049012225355,0.001831512848646461
79.34586600463328,0.4185849231423633,-0.21046453474551116,37.43708403330805,91.2345168393521,50.458091747089874,0.002296,0.14503436474761722,0.022742170739637253,0.00919838585261127
86.03199560536154,-0.04850870578799682,-0.9413618226742005,17.9576633448665,7.327904718667896,74.8332273964598,0.002299,0.14506959494165478,0.0019081825723714877,0.009732332848627649
88.26563356538355,0.44839066149434104,-0.5346763503673839,19.639831708420985,-6.595362683485507,15.150108988154738,0.002301,0.14506910208653007,-0.006799347756270084,0.004854421636509268
86.77114411961,-0.37129458427259543,0.4295118187125929,-1.8914812828300087,9.831639525307482,14.13287883047143,0.002301,0.14504542853921568,0.006439615299361665,-0.0007686875119602252
81.07996488794386,-0.47305992790064477,0.012704596923182114,37.79670509553407,82.5578521986888,75.60220063141405,0.002302,0.145059876886777,0.019268800634965704,0.010473628117440622
71.87151947725357,3.202811243251033,1.2230200388852208,40.275662664341574,75.97751697328076,93.29170481520111,0.002307,0.14502475212136792,0.015643718582393835,0.03146923850218031
87.96770768223226,-0.17585777907247968,-0.4190492002979474,14.305274205197692,26.733179573648687,57.75726769187443,0.002312,0.14500902653692224,0.00427920423546319,0.004866299029315665
89.11712958078476,-0.4334620773719373,-0.04348948118719691,26.102785348777672,73.467695610038,42.97501386980462,0.002313,0.14502251705793862,0.008478327069185098,0.0021503104791575863
87.79498955150405,0.07013307388961904,-0.41721178400968184,8.023419149749822,29.6370541372356,63.00657488955425,0.002317,0.14507822444468876,0.0011371121321735462,0.0050146556006383115
88.23165448050071,0.5736722370958445,0.08872776706334752,25.19822105675626,-35.84858431082404,42.450931999817726,0.002319,0.14503392889092198,-0.009507360597612088,0.0015690041256690844
86.46933489541472,-0.04544170976593412,-1.1126706197168352,20.74490861705981,33.99048986958522,69.15303647511298,0.00232,0.14500958288874,0.0038270428769312517,0.009659014579478825
85.15228018673729,0.17288481714665907,-0.8320914782710113,12.631895527817019,-27.824641927044457,58.90372522643417,0.00232,0.145031423357961,-0.006241461929334683,0.008486580836327598
86.60018509548107,0.11471599438894826,-0.8234406737188487,11.286194375511439,-8.743398446113103,50.00405873493117,0.0023209999999999997,0.14507737512369304,-0.002707348863399585,0.007546556892374407
85.52754487642983,0.32707090033165365,-0.5477252382034338,5.9327196995252285,-27.880280618579004,67.4484072919497,0.002324,0.14507346844627952,-0.007633846178401395,0.007081140494364788
88.3851756899193,0.07020643906253965,-0.2590750859906941,7.726949923111653,-19.191027480473668,49.415929420145424,0.002329,0.1450557124979152,-0.002180423231101606,0.003542235448692983
89.10002056593643,-0.16262360493976674,0.19316844982838421,3.164869530291835,23.993132896955025,48.702804518649224,0.00233,0.14502898248153892,0.0033639876965047394,0.0005316022149720254
66.2292405375564,-0.5283603817321826,3.953125165178321,47.80805822796447,-5.11984119565844,99.3661627630282,0.002332,0.1450101762575264,-0.0028603539720426525,0.04886802385235589
86.53459784069976,-0.45198091674104124,0.21897306790515197,-1.5381973074876252,-0.6100180535767872,40.70985368549283,0.0023339999999999997,0.1450202248259637,0.0062983292695641705,0.001311346625472178
86.96054608120478,-0.4127613592615698,0.07467832657062617,6.561595673493005,15.88029782687682,38.5386725449321,0.002336,0.1450479831136261,0.00704025263043369,0.0018618295907457101
85.83866895614985,0.22146993829596276,-0.9472312113632352,17.754232847573242,-56.79114072652594,66.78795313018621,0.002338,0.14507563807302876,-0.006867707567393758,0.008741926284514171
83.98039647586604,-0.37289643428401975,-0.3309724739943572,14.34275685114253,69.51803766607534,74.3143744735588,0.0023409999999999998,0.14501559643119874,0.011056099653132749,0.007359531534064318
82.75728735017437,0.5538153078390018,-0.33578171525472594,19.144979397288516,-60.73401651338639,55.063022701009395,0.0023409999999999998,0.14505596602056767,-0.013374117284344128,0.007161099712530407
87.76746714024294,0.11085829966318933,-0.8160108988498788,10.545659303636066,-58.570367950220536,75.79913139884287,0.0023439999999999997,0.1450046051882449,-0.0038492766733070173,0.007499957790581711
89.28250906438926,0.06459024851931083,-0.14324235074724295,8.139498606919938,8.955962844647832,17.195397564051294,0.002349,0.14505400099198543,-0.0004916634260885084,0.002181068894637995
85.7284214522895,-0.43096089507171537,0.3044888710240073,-15.625188766644493,52.122627783453304,32.19621240728057,0.002352,0.1450783129423903,0.00907984346380986,0.0007775335920418525
84.10196451813964,-0.3473306790153402,-0.6155331521271529,5.160906285682757,22.392894596966688,70.1390209043831,0.002353,0.14507365866825275,0.008135269292306345,0.008272613725639553
86.80611230030588,-0.036067903853715756,-0.6667669496528271,-5.94515068067262,-22.835794768073043,26.050659035698114,0.002355,0.14504513094216837,-0.0014327158621407624,0.005971745069985236
86.43854686342918,0.3526794558021873,-0.04725981158677606,2.5680910495247553,-68.69438178134072,48.8537799943604,0.002358,0.14504100393001948,-0.008098528284609082,0.0026928775562991628
72.0628872417495,1.7345421220124921,0.3945996792113319,42.47170993411559,53.00611364126734,99.26120961509922,0.002359,0.14506829071902547,0.0061891978973679165,0.034852145193745514
85.79833850163469,-0.5573494726211212,0.4430788244802943,2.560829325251342,11.469051989728596,11.711684059542083,0.0023599999999999997,0.14500754038020094,0.00884997141051412,-0.001104304003556832
87.54318409976732,0.10234999812281398,-0.4658529039056274,-4.9889812608094966,-4.243394089421128,42.888265116948325,0.0023599999999999997,0.14501729505943148,-0.001749934080709928,0.0047598829272512185
85.71592556873198,-0.14414554002682353,-1.1272817839155944,10.473594251707274,-9.19707538184208,75.74158749196937,0.002362,0.1450830561982931,0.000885620313058379,0.010037154362434263
85.1166084071827,0.2910570533945438,-0.9413206091250619,5.046971916924008,-2.2714313026448725,71.8218094147994,0.002363,0.14504745711410696,-0.0044181678249479725,0.009158821071849276
88.61199906413019,-0.03667213393768773,-0.251447422021171,-0.4221582287600866,5.836741908147156,17.223100779210352,0.002363,0.14503621601982816,0.0008179041868650122,0.00288373388022517
88.07746635846988,0.17159940660781411,-0.14902782849418014,-8.031948057282941,20.176871871117132,68.29568030708835,0.002363,0.14506645663545142,-0.0013182197845606645,0.0030549021074665643
88.02021084847436,-0.08800469133846009,0.007397068480032432,-19.224683275120224,-7.318910030374641,59.10112570136956,0.002365,0.14507304677887323,0.0007859529054142975,0.001910079784007319
88.7964493260913,0.06725638143865138,-0.10215340555115583,-1.3835282426587652,9.915222463166662,50.66316861186427,0.0023669999999999997,0.1450334057757954,-0.0004852111148777448,0.0022667614332844564
88.09451511700553,-0.2259591083320964,0.22589918770317355,-11.656812945405177,-6.909034705278772,43.42124492899955,0.002368,0.1450378464337853,0.0027815563825007443,0.0003618409947720356
87.61299467872924,-0.367942959937204,-0.3950239325923043,2.9140106333016167,-8.364539682268582,46.916636894251525,0.002369,0.14507680536653123,0.004664737250602185,0.004319373422884491
88.56431630344045,0.06089523121701245,-0.2649130241664597,-2.555667658823098,-0.9051830321009859,32.53342321629121,0.002371,0.14502979217883494,-0.000901519742458633,0.0031622017491220776
84.98755148097057,0.08251776950957591,-1.2040543604246916,9.291132106021754,-18.866830792983713,73.69196821938948,0.002375,0.14503252388231264,-0.0035272244700921317,0.010490172776549914
72.68468664743753,-1.7798332257531313,0.45944781511840355,29.38351972033654,-52.86492590453788,93.12289148707664,0.002376,0.14504640770119145,-0.0077665845608063605,0.028600501629382234
89.47136077793301,-0.0411217049393086,-0.11650976335677742,-1.6983458891008714,-17.996655486130233,63.6818026049833,0.0023769999999999998,0.14501660291805152,-0.000010822360458305608,0.0022837272766371994
86.74451862324558,0.017036801258039552,-0.8436974424255922,-2.413357054337137,2.9300798814323628,66.73274131190631,0.002379,0.1450834395480973,9.662600779569046e-6,0.0074214090424374705
88.83982030751118,-0.19353840377444348,-0.06508810795983103,-3.533251181646064,-55.25720974272764,35.65982869289657,0.0023799999999999997,0.14508150401222386,0.0013764219067068048,0.0018897103324930803
86.20032840302319,0.19675174897159056,-0.8901029256572984,-3.5814376300400763,4.008795203263648,62.79635616922818,0.002381,0.14500443624560605,-0.0023777270064834276,0.0077643893954696605
88.75584428488995,-0.21518324208831774,-0.05215375043351455,-20.526139142458405,22.905588436163853,59.03566207684672,0.002381,0.1450468252535423,0.003807667198037599,0.0019465072476658105
88.32715192700863,-0.14870554641152964,-0.2427952020361002,-8.095793085778924,-1.22781568132941,47.73636435003303,0.002381,0.14508581798923464,0.0020294034592465366,0.0031438619036987733
88.83575823372787,-0.15811069066061595,-0.29693472192937476,3.2359782707608984,39.081676897348146,37.12627072766556,0.0023829999999999997,0.14506846617098457,0.003306989706209198,0.0033081338608914046
88.66249487734973,0.11634622346085975,-0.3797097863109781,-1.2455881989873432,3.837044750202297,21.387770046468066,0.002384,0.14508079344702524,-0.001464676388558289,0.0036833753518056215
88.58117006158166,-0.40099073707750316,0.129185307656801,2.402535791468126,-42.40921798372407,28.97993475753028,0.002384,0.1450085541718802,0.0044882930760898184,0.0006703255651960188
88.18611355322375,-0.36608166339819115,0.2761661336362116,-1.3515579612426565,-1.164641896673084,31.831406656430232,0.002385,0.1450242614665625,0.005091956157649794,-0.00016463947372053717
88.12243248175973,-0.14502541043337364,-1.4599506633208872,23.41732230202785,0.8498659478467656,78.99039882877298,0.002386,0.1450021866989816,0.0020939102075155885,0.011014064603163969
86.34770905800352,-0.08306434902205495,-1.176433542357698,10.35950911546957,-58.86470185552459,74.60298349434659,0.002387,0.14505727965292856,-0.001762977424681934,0.009650702278267045
87.01976814461806,-0.07217969918640742,-0.5274161257700059,-38.027094935682875,-29.74284354229987,13.222346778959345,0.002387,0.14504736317752553,-0.0007588932139803293,0.004626166396251438
88.55879786815514,0.32945364779371816,-0.6993754275682834,14.589234922650164,1.963098397456451,79.13018591005469,0.0023899999999999998,0.14505017471607512,-0.004549036804984379,0.006462913738278926
88.94446193094308,0.14462118840826416,-0.08478121636624399,-16.746812468429482,-6.784740764830606,49.16955410098528,0.002392,0.14506600150160193,-0.002281065517929179,0.00200200146227411
87.60670509974265,-0.2299996752765549,-0.11669590625692675,-29.401405546270805,18.506503163809896,39.70717258310988,0.002394,0.14506683259348027,0.0041210774649596705,0.0024130822417619837
89.44695645501483,0.15669667692463476,0.1499245354550618,-0.6901619994476376,19.318811299208537,41.06756850178248,0.002395,0.14508554685887512,-0.0016332928403381421,0.000437246535271272
88.98247362231567,0.07199367529694355,-0.4182142677593975,-23.052745080226828,-13.495539022427499,40.93204829551981,0.002398,0.14507566528963906,-0.0014643361725749288,0.003978587859142732
82.54692991340205,-0.062355839661922034,-1.4019853973776801,4.887008155471172,-13.482746971352322,79.10458568364079,0.002399,0.1450343817961358,-0.0023369447335818824,0.01334341866190181
90.12949725699677,-0.14992422782883227,-0.43284814485713363,3.0998037421907,-26.276285141733293,58.14189772650335,0.002399,0.14500076128822462,0.001549502759541302,0.004029632066759907
88.16113831039023,0.06081003197902723,0.044232373253888096,-38.11957183588601,-18.965795961927128,35.8136823941508,0.0024,0.14501089497916114,-0.0016352258287365752,0.001237546112206686
89.14175796306876,0.5328793094855133,0.030237790236529234,10.135320687291333,-6.997015538200987,34.80103024298708,0.0024,0.14500934348743966,-0.007678265245006413,0.00120176872014536
87.2723477764634,-0.08516388273317346,-0.9975593712072275,5.583983278596991,-31.56215896576706,74.8416962747903,0.002401,0.1450256280552777,-0.0002954471325584297,0.008230782918811049
88.80653583272385,-0.3993030514623775,0.2131541521838408,3.4026994642160164,-13.963499752101269,11.470352319315218,0.002401,0.1450706749709627,0.005161508584347182,-0.00020314520919884605
86.33504596548475,-0.49193111199821415,0.20722345063894737,-10.875911801965618,37.11689830089325,47.61891954121199,0.0024029999999999998,0.14504524821314763,0.00840824742133062,0.0008263347727744589
90.19102742565018,-0.11302914647342503,-0.3829213253757895,0.7587064758708902,10.788484764555227,27.541819870313656,0.002404,0.14505924370157192,0.0018481278148641737,0.00357608998212084
88.96277238951859,-0.28190291905209247,0.1754723003776161,-26.463507670921665,23.86420556676595,49.45808929734496,0.0024059999999999997,0.14500435963660124,0.004575253638982455,0.00031906067213993624
88.36181140081254,-0.3134677589032634,-0.31187472289330953,-12.067753977715391,11.612078006253503,36.014414213115,0.0024089999999999997,0.1450326132663736,0.004805688589307367,0.003362708432079846
87.55735249227794,-0.3018823761122022,-0.380957437420526,-8.938807786997085,51.289388788543455,58.09722470254924,0.00241,0.14506599958577435,0.005575822702293901,0.004078637787726773
87.00581184413885,0.384722271067577,-0.23390879902311254,-18.780990919180713,-24.92808903954776,53.06426949164634,0.00241,0.1450103013967855,-0.006446746649242054,0.003287320949696728
87.85567089325176,-0.28800646939232805,-0.2338626906085207,-13.32864905188174,54.6844077685725,59.48129347707832,0.002412,0.1450509456128096,0.005303310185298141,0.0031218317965479784
85.3547075547341,-0.04756133094354353,-1.2441935937630473,4.048481943040008,0.5180604618523061,84.68017678734334,0.0024159999999999997,0.14503999259833775,0.0007174168146361007,0.0109557292386545
88.35687296635773,0.023347118932878864,-0.6688145268942317,-6.10772589550393,24.12238552036055,28.833787747527033,0.002418,0.14505871544537688,0.00048659741330582426,0.005472849907166186
85.40539701730552,-0.054582364841961224,-1.223984442770339,5.552482453657112,1.976003466671605,88.23926580324394,0.0024189999999999997,0.1450768677184072,0.0009437599444633873,0.011280481805803157
88.73356474590017,0.08175579833303834,-0.25509608133160605,-23.508037089436048,-13.117051321502474,65.64095242364246,0.00242,0.14506953876325399,-0.0015647873082365138,0.0031166910665594615
87.95700051556413,0.2282482243546146,-0.7547444831864027,-14.400570029126998,-52.53846598232511,46.64845929831594,0.00242,0.1450600610821108,-0.004392904599023447,0.006116705949172894
82.66049966974707,-0.349554107721182,-1.2579965535939648,-0.15379173469284207,-4.948499070259483,83.61317790345984,0.0024219999999999997,0.1450484964769766,0.003965644615493819,0.01294648322580045
86.81901834424531,-0.03448489093065112,-1.0427069780397504,-15.757836811307188,-22.884882062506456,58.35151805975748,0.0024219999999999997,0.14500539587076675,-0.0007504487201358874,0.008103384985486116
87.4530469054495,-0.09363911531866773,-0.8979552811115108,-11.029541038779112,6.875093064662187,82.28151149142818,0.002425,0.1450312832126673,0.0016353042962147244,0.007767066452332615
85.74383618535438,0.2059569181717032,-0.9798844324184465,-15.14371424424351,-31.484952849000656,70.39983395958397,0.00243,0.14506101233679633,-0.004675111549226789,0.008227872167054196
89.97231806590325,-0.09205651344257648,-0.42723560688221096,4.062318601126247,12.936459837569963,58.0611889389087,0.002431,0.14504851472038152,0.001588664223338561,0.003952853233427894
89.24271784805535,-0.2437834439743187,-0.09098684888854869,-9.685541369667135,5.926601118835095,10.377880245799611,0.0024319999999999997,0.14500599864591332,0.0035769440033312176,0.0016104439362465601
82.37872202664339,0.3539658363612588,-0.2592654139510997,7.729004328554098,-91.71941953465425,37.18796287734511,0.002434,0.145081073904557,-0.01566100839571213,0.004478878699952109
88.08395361823332,-0.27598078361612055,0.06855280659674905,-37.86323028064172,37.66137335192315,52.24038974171425,0.002434,0.14500128155622033,0.004741013938478534,0.0010548651842829705
87.79522043264954,0.19210974667620093,-0.6639674871241774,-17.594947763958135,-39.51742110160977,19.162831362794517,0.002436,0.14506316357848092,-0.0037386513284242678,0.005349729130666268
83.50860618100852,0.30569395942646455,-1.1500969945767539,-17.654720561467528,-3.9866254325664205,81.1184356281501,0.002438,0.14507654248747842,-0.004844135117972143,0.011092265076885821
87.4790856660101,-0.10313821580559054,-0.9641430546531726,-1.5435403040942346,8.750391708377311,82.47539345983166,0.002438,0.14500934189005366,0.001825726333580095,0.008075724813309891
88.26293394557959,0.20119810573479727,-0.3913311470645311,-29.447449497874903,-36.80718011403955,72.07941840632118,0.00244,0.14500859759875445,-0.0036413385145097595,0.004054243086400358
89.1623592663052,-0.2139114600795401,0.4744283296965092,-15.150737732698131,6.79145161891338,13.175776925729894,0.00244,0.14506815710168844,0.0031793954281014985,-0.0019032659354758636
87.8011440287307,-0.13623616503977426,-0.8572653034526605,-7.015573745603013,9.516976287822036,61.95749447076798,0.00244,0.14507114163287843,0.0022869998459598175,0.006807137430289537
86.37190688290167,0.4018931138134207,-0.7771907841181566,-1.0729641777408974,-70.14855572711713,60.466244219441194,0.002441,0.1450034063852263,-0.007606331484573345,0.006565250639278767
70.35223874825817,1.7176553231227312,-0.006180304942201554,41.20993365684841,33.36124686114447,100.57531653254274,0.002441,0.14504765395744484,-0.0013160452338898902,0.03638134753572142
89.27078480485947,-0.3344503903692385,0.11961186240414756,-32.93904447677324,45.832007664282884,47.92221274352821,0.002444,0.14505889081834691,0.005282898071149299,0.000513462278119079
87.23042169515958,0.4634488593711415,-0.5746584565341677,-34.483699760621796,-1.9708496553137418,66.55612015948837,0.002444,0.14506352522319474,-0.006572189490718985,0.005265714529524877
87.40006974549006,-0.41856916904291963,-0.49661610197200806,-38.62803280246074,57.635379887746,14.319120090452577,0.002446,0.14505833259918602,0.006944413756608108,0.004256482599441964
90.45591565596365,-0.20317819556971758,-0.19175130432291762,-12.239298331104317,46.10439267404252,25.80369897751905,0.002447,0.14501477746256042,0.0033221190602169643,0.00229378407778293
88.12298794116418,-0.37431804574060396,-0.26291476491811727,-14.730345819670562,52.16953428452365,66.5586897226272,0.002448,0.14505354203323204,0.006101803914451515,0.0031797163963478607
83.63777455451749,0.010772301520354943,-1.9269202909072423,23.70496188449817,1.088419123393929,93.39417687948902,0.002449,0.1450755970211193,-0.00001165579658150974,0.016368638120802335
89.57276747860595,0.4224850612552559,-0.5690253680785778,6.698067940985011,-51.685486127645106,66.01477623008742,0.00245,0.14507853722362035,-0.006520261234865416,0.0048826116565923545
87.83257810879317,0.2046947137123474,-0.6243792011554556,-30.751446448168867,-47.52935898881242,13.898443805882977,0.00245,0.1450358563635265,-0.0038717664175992074,0.005007179535726676
86.4374195930661,0.08061997419294885,-0.9079375988701547,-39.70743433317271,-6.511979995277977,80.44120964049539,0.002451,0.14507075386029203,-0.0014906943804185216,0.007884149741882635
86.09051561429821,-0.4746478227301121,-0.7081323804330354,-21.147003848319958,3.400257340640957,69.63179103990839,0.0024519999999999998,0.1450223760651313,0.0068211130211168515,0.006399104541664174
80.78960517357132,-0.011030222522350806,-1.5728147807290755,19.203381820329653,73.9392314631141,89.6959042563668,0.0024519999999999998,0.14503481000274604,0.009049182824796716,0.016166783393099435
84.62823088635417,0.4412812078353828,-0.8735845457905991,-26.49046832430949,-18.60772581312345,76.00253610939397,0.002454,0.14501462674176127,-0.007451034663216255,0.008192006960123024
88.26285009137003,0.10790394278420518,-0.5915790546414612,-36.28727834440379,-18.56260867851936,49.55926504453955,0.002457,0.14501056263049017,-0.0020188563052794726,0.004994778178152891
89.02859556530805,-0.23354144444919045,-0.3232343703405169,-20.828903317414785,39.56991203669069,63.510777515237166,0.002459,0.14503674455769036,0.003880944748385849,0.0033458196385484427
86.14067002143857,0.5086991693420577,-0.5543934366165683,-16.240548014356115,-45.06520680648593,70.89404982452571,0.00246,0.1450812513205308,-0.008287965023894135,0.0054492529035620706
87.98806924103955,-0.22408941528156903,-0.8070621650000909,-12.249453093813583,13.123713773249547,42.76238256504267,0.0024619999999999998,0.14503822187660853,0.0035437665832013907,0.006311492618160397
87.6562763710113,-0.39210825297653407,-0.2912139720899951,-43.091334883215644,-1.9251991372390163,59.492985584925734,0.0024679999999999997,0.14504039721598047,0.005443101355067004,0.003281373438080062
87.3631640767584,-0.6205170034700279,0.15570609943903682,-5.524062822644318,5.33778342416749,37.00801777560502,0.0024679999999999997,0.14501736268657037,0.008840600278132268,0.0004871828629302768
80.60179391821272,-0.6092381764043199,-1.4888770372889917,16.35894314579784,-6.797183016795447,92.65481996197325,0.00247,0.1450295226972857,0.007357158439468385,0.016976160892561633
88.09589904629503,0.045370226113220676,-0.7923962963991916,-42.99470729790826,-17.84455299596114,40.73319479796143,0.00247,0.14506791688827028,-0.0011220123143866549,0.006169114680180355
88.59160706462475,-0.09751086990162164,-0.3959470839864122,-44.78843076735423,37.463036894989756,71.29255457873843,0.0024709999999999997,0.1450281986457434,0.00199966413189328,0.003882041147624521
88.71272709565852,0.3117977384379769,-0.06488770181865121,-37.9041360935317,-43.55764027538663,62.450845967000014,0.002473,0.14502013395199603,-0.0049575018325884795,0.0017317603921723304
88.9344497796034,-0.2594176698200501,-0.304855962856417,-27.3726955491359,77.85082881307076,64.21312925997249,0.002474,0.14507692325937052,0.004762171035383514,0.0032073107523901195
87.44057823944085,0.5802121538595298,-0.1369893889727234,-14.409817476677842,-3.6529458542182303,23.69102604105434,0.002476,0.14507338080778143,-0.008228052264562052,0.0021392854944761565
88.07570756125462,0.17753041168818873,-0.22764298298826444,-52.778496490930934,-63.14449579104744,23.05635028325903,0.002477,0.14503244493684564,-0.0034106738218337295,0.0025915092473432957
86.99416061668518,-0.011400203762677913,-1.094275254164273,-28.239708671909185,-17.87632265754645,74.07484453365787,0.00248,0.14504988881051908,-0.0005042375963908372,0.008370485579366808
83.32050050688528,-0.15419900989011467,-1.6022189136315903,-0.1267795394980684,-7.913600280736706,90.14360903370205,0.002482,0.14500282532350048,0.001304585935154844,0.013810500093237019
88.49987170020698,-0.0908222141799563,-0.7691349038319345,-31.39802512424477,-45.64982629754727,64.73039935714786,0.002483,0.1450637914761957,0.0005648947850648589,0.00608318146639877
86.58821156215595,-0.08573965534822642,-1.2785886041607835,-8.930121129010539,2.2506459902246685,75.19954458412036,0.002484,0.1450216732456011,0.0013061531139664402,0.009541979130261195
81.31801042889833,0.11093271519205422,-1.8815101602595272,17.309655229739203,-26.346957753009256,93.86650754527419,0.00249,0.1450439851343426,-0.004913928605075712,0.017241331301226702
87.1691382676369,0.5772363151500404,-0.642069357780687,-1.0837610478035986,-15.180111065859386,40.36365388118705,0.0024909999999999997,0.14504495676770562,-0.00845469570991149,0.005346243710580421
83.75927202604412,0.564940715320913,-0.9546405368102419,0.9865493301352253,-81.39515427788452,63.66091191415163,0.0024909999999999997,0.14507822215485774,-0.01159240770385607,0.008027216412913856
88.48535109362959,0.319201800916643,-0.3671709809581854,-42.25902476289688,-50.07164556828946,65.40722768543436,0.002497,0.1450237922018168,-0.005042680741708621,0.003584556385612879
87.85764482299864,-0.2559723345188119,-0.9227375373469303,-23.858364422464884,17.64388107204825,72.74750106591117,0.002503,0.1450373628876152,0.003996647718092951,0.007125347421631963
86.97220784761338,0.242829679461806,-1.0282950917012668,-40.484651886232044,13.478317316680098,63.697929359714585,0.0025039999999999997,0.14506248065680816,-0.0029671438182609956,0.007743533983796387
83.46064919925027,-0.44783477595313975,-1.8636120117461428,17.074704023328746,38.325056987903345,83.4277086223848,0.0025039999999999997,0.14504729767262428,0.00840923259444678,0.013945169521462169
87.22504067127592,0.43291138058212686,-0.7581713650862668,-33.222731958271766,0.04659568140424168,76.21575426586931,0.002505,0.1450340250037912,-0.006066186450170646,0.0063065498856018365
90.58989355362516,-0.12610268139803454,-0.04549034170331377,-30.022714158828823,43.03532828095119,37.44728748273203,0.002506,0.14500336322897553,0.00210905803239811,0.0013552257611469099
79.18169776536446,-0.12324956533616853,-2.1377921480889066,26.29535711654659,69.55159236072622,86.33511801591254,0.002506,0.14505310629142948,0.010915219192634749,0.01795206825617983
87.50348823326038,-0.22961784696733462,-0.872024986325872,-41.821562249532896,46.81102127835361,77.56135175834923,0.002509,0.14504876595853022,0.003956191150320589,0.006925600711546407
71.34765787577312,1.6601755052582245,-1.2371905434450587,30.66582401193972,60.458272091842396,98.31923397376082,0.002513,0.14503926978618872,0.003464682492018423,0.03036576694097287
86.90065316534886,0.37810957753415175,-0.9210285887704235,-30.795147328252828,-66.97109180127907,50.75145483271186,0.002513,0.14507927733348217,-0.00636733554682509,0.007003069909920932
88.06498170713199,-0.3527808485587436,-0.22599064576345312,-51.28681178933777,71.92444045438951,38.57052085801934,0.002513,0.14508341725513935,0.00576188097913215,0.0025987527951184712
82.98538667431198,0.05292755557802726,-1.8037729047715447,-0.3590701821321688,-3.243666054855216,90.51627364000653,0.0025169999999999997,0.14507085621301902,-0.001070554057747089,0.014496379452528208
86.07523600828962,0.6576554886794052,-0.4246863508947598,-36.337015826850916,-15.98941645917969,45.8501071150004,0.002518,0.1450299701720869,-0.009578124835791874,0.004108155751923775
83.35693131660311,0.2141874602642678,-1.8218627800624378,-2.7583371797759533,10.326704723738425,80.17612806131228,0.0025199999999999997,0.14503831041704976,-0.0019668480258131687,0.013383946511012752
89.80034321356884,-0.405365868134099,-0.008846713235835574,-24.088117218330208,34.73951437133652,50.869954055460035,0.002525,0.14505103873058015,0.00599256257619919,0.0011802879595488474
90.91724476936808,-0.029851346248130548,-0.22302535580678862,-42.10429417748245,25.945121874085523,55.94632147959498,0.002525,0.1450271142545462,0.0006302435768550598,0.002459638163436244
87.85081295120801,-0.3675449659676922,-0.8284660125459422,-36.93933648771213,-11.873360237153772,71.73633508082717,0.0025269999999999997,0.14505786668746473,0.004919316301258213,0.006484116916987792
90.1388116401361,0.13599818126361501,-0.07623663264001122,-48.0887286857271,32.54777648628283,18.88832938033776,0.002532,0.14503442904803224,-0.0016447705673928027,0.0014769345325942682
85.99154699200346,-0.33364170550755023,-1.1602128745631861,-38.01516578976637,65.83995094602875,71.35153876810783,0.002532,0.14500760268614832,0.005926878669877578,0.00865063664780344
81.304888481263,0.1911936032387784,-2.0547286523480603,12.006138154587621,-55.282392773270274,84.0155534634515,0.0025369999999999998,0.14505363262952478,-0.006997944718004157,0.015490949845149928
83.41166640670839,0.6141467514678737,-1.5221569787846956,11.809395724039327,-30.65858335478421,87.05358756188747,0.002541,0.1450565495944765,-0.009852699000689984,0.012313196712735773
81.70173024913832,-0.07625761362697349,-2.0545713174918268,-1.130942254036534,-19.700281083342887,86.75968763993694,0.002548,0.14507575422412677,-0.0013365065112244236,0.015502078544692639
90.19617934769042,0.14646384942259325,-0.6639979078330186,-49.10347258682241,46.80225559696414,28.12494697073879,0.002552,0.145051411916817,-0.0017806202448790234,0.005168153776212194
79.88198333277553,0.2419448729782895,-1.7248947905262704,4.872936874245376,-77.72557475121779,88.57994710881185,0.0025559999999999997,0.1450026334418723,-0.010448191510086968,0.015233510393475449
78.06284495300203,0.03509565794087644,-2.5031189320455605,17.165976086883596,7.798062221241175,91.00588994876212,0.002562,0.14502752028553326,0.0019074952542629039,0.020187379203195077
80.46559141855651,0.17623015861516145,-1.9674984096824946,-1.8946543511346963,-18.933573160775268,93.21342286840377,0.0025659999999999997,0.14501547823076816,-0.004757891419706084,0.016695192817335627
85.0915360137865,0.753375248315731,-0.862771199838566,-26.566631135489853,-39.736948528945526,46.491985068929814,0.0025659999999999997,0.1450693465156703,-0.01112669327438246,0.006727236718243372
87.45036621434608,0.6459365417006109,-0.5144067710611492,-27.309216983937066,-38.23430019421293,55.23615756701578,0.0025689999999999997,0.14502616535736182,-0.009396207785072438,0.004422099881443536
73.923592971911,0.3183040039322543,-1.3489804172142064,3.7746309950611696,8.165591646191062,96.02784467392141,0.002575,0.14503132207230168,-0.0002947881053502046,0.024119704167709054
87.83849527326537,0.5340114762747938,0.30516570521242886,-55.39182393011649,-49.05543360522808,17.853267632044492,0.0025789999999999997,0.1450190820246459,-0.007808032248683952,-0.0008669122265831126
81.6592079749505,-0.6049508830753806,-1.286808416278071,1.036050093478758,89.05835635305041,82.5731998216397,0.00258,0.145057057422812,0.013684302680598075,0.010774569068785107
83.65321686670192,0.08404635427904994,-1.9179561761869954,-26.239225956777663,41.577432133236634,86.43277658689627,0.0025919999999999997,0.14502708181643612,0.00048689448481890673,0.013679609037779249
84.38838726226803,0.6502489643723871,-1.0747365887176876,-44.95139979819747,-25.54862672336499,84.43059259630257,0.002595,0.14507980864678258,-0.009635414401094038,0.008724251167593932
90.48340581574506,-0.06793443864792091,-0.18497142592460306,-60.853993565065544,44.51408257424375,37.19970031975739,0.002624,0.1450614068454549,0.0011125737300708785,0.002136627969474746
78.49277707659462,-0.524597355287182,-2.2875873683107875,3.7473441103086578,-2.4182645629508817,88.40329497183482,0.0026249999999999997,0.1450145747530834,0.0068763779106695766,0.01775882294909711
80.20859855484983,0.859276052064139,-1.154043987141177,-3.8210466378656642,-86.63795603556842,70.4174310822663,0.002626,0.1450665272989071,-0.015950370577887604,0.009551179601496715
88.97414411240054,0.14450167909380826,-0.7255395534871909,-62.39980548783124,52.09169557682684,53.59405591724891,0.002637,0.14501046215611452,-0.0017933585742367295,0.005536753651180627
82.21480131621196,-0.5339396126111825,-1.8076989839500892,-24.533825392354967,56.17074003295081,79.58894551736233,0.0026409999999999997,0.14501154739947233,0.00902705956465375,0.01281461316999147
91.86430425032992,-0.06680658505805713,-0.17070646372108997,-61.28825184707803,11.402964357135005,61.28095525146614,0.002642,0.14501862739427537,0.00098258719133816,0.0020435557936844704
77.80292213861506,0.4971173187917052,-2.5161067187858777,-3.8895285269123274,30.48871388831848,90.90421600450301,0.0026509999999999997,0.1450511902098539,-0.0015571189934976272,0.01917390244827356
78.9439104676062,-0.04620858833483724,-2.475917819353674,-2.7101771972325723,41.80020243200994,90.75808977501022,0.002655,0.14503605420596122,0.004846425697938674,0.018091780095368874
87.29865529703316,0.6303159769544697,-0.4718699907663498,-61.69489370553686,-58.73666544756434,68.86942141126558,0.002655,0.14506787737734875,-0.00905451102547462,0.004053020461095191
90.51916644078602,0.38292208783237625,-0.21853053488054885,-55.87636013721067,-40.36484261403036,59.09562951792175,0.0026579999999999998,0.1450891836101938,-0.00551614768965375,0.0023714416061803778
68.24822495872003,-0.37522330716552993,0.5119919847523183,25.912045213988982,98.43859011364728,24.937013844892785,0.0026579999999999998,0.14502302135929154,0.032987120913591704,0.006237066978516318
88.50789920064096,0.019004150004343218,-1.2766533305198606,-60.33308092504285,-0.10179754608582813,85.054167926195,0.002665,0.1450786895482718,-0.00026735287898294995,0.00907440657027049
75.53211698505991,0.1359250542966794,-2.423710283108616,-20.444992408817296,3.9203146739990804,94.84666784919528,0.002678,0.14500778817337434,-0.0006857393431655269,0.021234032538111028
84.56194117352693,0.6844495268401032,-1.2197969352356965,-56.19634568044961,-37.88229112957068,64.38137231270267,0.002698,0.1450558426867322,-0.009913360277831714,0.008679525586838956
76.80327600465287,0.48695011216131096,-2.356163270666357,-9.00254327279765,-4.9278921969162655,95.25126954321597,0.002702,0.1450523965535507,-0.0075262625607409525,0.01947293751970418
88.98616742792319,0.19351926591867785,-1.0381835698738309,-61.009038625195345,49.19142817600554,62.55513850199531,0.002706,0.14500089641373412,-0.002531586269649267,0.007472874922309799
80.75869883921752,0.2628324963519833,-2.514356800969722,-11.345712915528624,-4.5304717530932175,87.28749522164425,0.002727,0.1450364352933703,-0.004011215108445926,0.016929242095570923
67.94498740671044,1.5407425222896602,-2.072996436900796,14.799050653454154,67.26325435959828,99.76455400234806,0.002734,0.14506583190359992,0.005473345168631615,0.030231364567885707
79.84148986713092,-0.19900519100358788,-2.6480483682908504,-18.451072937931134,-23.992400628631778,88.39237772080094,0.002737,0.145041005203601,0.0006656260778401454,0.017808160186707923
80.42007117184824,-0.00539315240608069,-2.5522602636148344,-30.893201426640545,57.080543607978434,89.30903262065014,0.002738,0.14503303468582343,0.002640263602694377,0.017212069926431352
75.12762828469883,-1.3678578125395735,0.2404871413768842,-11.183426954057314,92.12129467738582,50.55063156813795,0.0027459999999999997,0.14505822622735415,0.02319238369802338,0.003123588805501382
78.38145235841324,-0.0898251064128096,-2.869580402333597,-2.153013318673386,13.432523123508055,96.37388584624244,0.002758,0.14507553533177192,0.00270368026010431,0.019936647980264174
76.13603505693644,0.06362739345678285,-2.9815923107361426,-29.879229642701194,5.99880382130927,91.93635175892183,0.002793,0.1450078369398088,0.00039513679601719913,0.020477587589236144
89.88389250998436,-0.4290901115558497,-0.7787188296706831,-66.118863546086,55.086475302372385,54.456177633277925,0.002806,0.14504334289327986,0.006118224670550179,0.0058297612554804685
67.64497128318895,-0.02244653020253273,-2.507778948940023,10.676310624361767,16.11111042719607,99.44406492770533,0.002827,0.14501769838857495,0.00852701145417957,0.028831120837769147
81.65262456802014,-0.16422959518145952,-2.4883861666158706,-50.67818947225861,16.083713860324476,88.35351816693557,0.002836,0.14503173300629318,0.0028489537622288265,0.01641758076935095
75.8379393304999,1.443964650945047,-0.46211831641769674,-46.16973226223246,-86.90731316308593,61.99910269367332,0.002848,0.14507228253414906,-0.021463385313838342,0.006040824691416813
76.15679667695566,-0.12592922125134093,-3.0121088273218284,-26.43428678109778,-82.52484007726558,94.46493522193293,0.002849,0.1450562764841485,-0.007021249147815894,0.020350233879189765
60.842412111193966,-1.5709257295012455,-1.1410075396780988,12.732377765666584,-29.984919175724784,99.40690316483001,0.002853,0.14500176015441824,-0.008260117905176365,0.03708647151647803
89.95353771559897,-0.38508001375414563,-0.8496120887492599,-70.86624096154358,19.52050756089475,75.34990281205505,0.002861,0.14502220673758,0.0054478077112944745,0.006279936307008326
89.62059075833011,-0.5021669347797569,-0.7546728202054694,-70.08452802931215,74.76958546680206,38.315643853307854,0.002864,0.145070499181903,0.0071513301256058755,0.005658051899677787
76.83437547696592,1.5024266223923077,-0.6258072329235427,-29.82310342114164,-85.69307273741003,41.171640373546346,0.0028829999999999997,0.14501071920894193,-0.021528174874376825,0.00595842550820759
73.51874212554183,0.0487041885578649,-3.256080969226057,-22.70306446401456,51.00441242760335,98.34291190307319,0.002884,0.14504042778998083,0.005443840392915447,0.02289584030741028
81.0592328368668,-0.2215866424755806,-2.648124786757576,-50.94043295779036,29.171292775823282,93.86368502108724,0.0028929999999999997,0.14501006616201545,0.0038481979344030547,0.017445224552238476
89.9469646992035,-0.19230705484098132,-0.8206069060159832,-77.82292608608475,-10.606854854673175,66.2613285044568,0.002897,0.14500443863733353,0.00268732787160177,0.0060696317685758165
80.32419397989221,-1.1296124947501824,-1.3138096786531908,-59.99815443652923,90.60766924665475,82.7084106758022,0.002911,0.14503909185009498,0.016468639519553248,0.009436470830560173
70.69233651515795,-0.31992628509792376,-2.8180382815455003,-23.515568117277173,59.772709976804016,98.02718603988912,0.002915,0.14504943668788253,0.0116670843209909,0.02349802698172227
76.94260867646739,-0.3497001129821443,-3.14427015692668,-36.11052660433882,3.258515783537712,94.00790204360247,0.002949,0.14507001864723143,0.005115254970914596,0.020411466897056196
84.96193969523272,-0.2294394031421005,-2.0276408577166625,-69.47662577811046,24.892893787782242,84.37613447391276,0.002967,0.14506511565344418,0.0033464472389260077,0.0135027357919354
91.29818219069647,0.29448443484022646,-0.5751005463047638,-80.10506193510913,-51.54585833503709,51.5397519870335,0.002979,0.14507077489736697,-0.004168306947193189,0.004535537816774018
71.73134728075229,0.3100012637666851,-3.498262931430606,-20.739613140741767,-10.719135608211635,95.9407441001708,0.00298,0.14503584294308822,-0.006964439199112411,0.0235114559848342
63.8077365769596,-1.4099789497413138,-4.409759566430467,27.282683129830918,-32.10839530627129,100.73965824034714,0.0029839999999999997,0.14500549044076871,-0.007999854661448917,0.03320136097146208
68.13868173841297,0.20079323185614983,-3.6203931951230195,-22.031875113729843,-0.7247868512950595,101.10678340760833,0.003002,0.14500398813788787,-0.0030798501440117603,0.02730949387971243
89.68452088253969,-0.1193514342890842,-1.2642376851901331,-77.83751037446946,-17.250804726733605,79.4524002134094,0.003003,0.14506008513570728,0.0016530196046941263,0.00885905394906092
68.54704982160456,-0.1836799723748874,-3.935479059582583,2.119624672336031,0.99833455742795,100.79286290634307,0.0030139999999999998,0.14501749813010076,0.0029707718895233995,0.027452534722579944
91.13918773628427,0.6107305352907413,-0.14170981614614006,-77.26730582750082,-52.20534602150011,60.98971655431874,0.0030269999999999997,0.14500849202715826,-0.008624462029610376,0.0018165177745572312
62.65818579259989,1.3496047099157495,1.2836418184953693,-9.677288087832295,-100.11291657383643,46.4280840619137,0.003029,0.1450140511546288,-0.03441775925203921,0.005501955798082058
67.58192650279419,1.621628159187902,-0.6945245741387297,3.5193855827150458,-98.05668453359408,83.35444889706474,0.003051,0.14506698725928444,-0.028349465568652584,0.013375019691894162
61.54167269875306,-1.4162803275171858,1.3072990228544326,7.144005772521101,103.37703021667014,52.35054311094021,0.003055,0.14502872724879526,0.03665729556712425,0.004687100108922079
76.35470281584313,-0.3046704066966574,-3.230379229310926,-58.54950985567213,27.594742227056106,95.47806558572125,0.003058,0.14502455002884354,0.0055875700181034675,0.02061937516509423
92.251957957315,0.22106338168137565,-0.8634350564160927,-81.14761632811967,-7.305393125613682,52.41222655269546,0.003068,0.14508385402558654,-0.0031217984583237555,0.006372719253007051
65.78690143461885,-0.46027821013032916,-4.1020391685802045,-3.0133706316573314,-30.37053280647558,100.86442538587552,0.003101,0.14505914825775962,-0.00688312847077231,0.0287700327974894
68.42497899917508,0.3179720862509756,-3.7920655541988832,-21.031048654454324,-14.36414938618248,97.32264649993549,0.003103,0.14501934623078488,-0.008996017561577736,0.025435185089296666
61.30220399430522,0.5954082776350293,-3.3013479458172927,-10.048905402431448,32.600453997642106,101.78957123215743,0.003117,0.14504932535404086,0.010074019826720852,0.03262456109552991
54.737852288335624,3.078054747908898,-2.982587791029807,21.547988479276366,77.26112003340985,103.72307513312671,0.0031539999999999997,0.14502235249974882,0.019878081463464144,0.04081874430072529
93.33140308764767,0.44956557134342384,-0.2466188521130345,-83.75015007170016,-67.09246658847279,11.96364028061128,0.003172,0.14507695278162927,-0.006371385989353785,0.0024702705884786123
93.46413018098887,-0.42903887103822363,0.3449841421725942,-85.06890383400695,39.52319279113133,0.4434456552279114,0.003188,0.14506507186561032,0.006072500441030355,-0.0012863306264631242
73.09428282240131,0.010818038118011054,-3.7393106876867988,-58.364158710560744,-1.5050829658792606,101.03871489808931,0.003198,0.14501656981600178,-0.00029890764702114267,0.023526648207311398
56.35535494330537,1.971520160707558,-3.3230298020346187,12.852587367529246,73.83169463702455,104.84173479445482,0.003202,0.14502327251776329,0.014841428239735697,0.03832159623824411
66.42061288704922,-0.2144388915540483,-4.45211149448317,-21.11939778231761,-16.4889946529213,100.21398433136596,0.003266,0.14503634016425385,-0.0042719227547899224,0.027811834152187864
61.99236511107568,-2.220907357472073,-0.19186555025115712,-21.6621293880641,103.63487321364218,59.465359525574726,0.0033179999999999998,0.14502558031518803,0.03418733405383722,0.008692215270039133
93.75901714217736,-0.05008940472113245,-1.2009372645011855,-86.12089702592381,3.8017424633975425,64.38270348441878,0.003372,0.14503709959114577,0.0007138336448832942,0.008558832371990769
57.39351017683256,-1.2035398924114786,-4.692268841641369,-14.78611142534456,-35.889459161110885,106.51398494622023,0.0034,0.14500095077824002,-0.004473747275921779,0.035483998389695265
52.9887937260915,-1.952613445797508,-5.101380944111872,16.668800631377362,-21.96779886712429,105.70930113522844,0.003431,0.14503708312865785,-0.004323261339485649,0.040726911266045066
96.9689432690137,0.16698088054303822,-0.5105586924032547,-91.27010763683938,-23.21931428884192,59.334954557828986,0.0034679999999999997,0.1450511237058089,-0.0023998460420746924,0.004204988908366349
76.86022398376453,-0.6886218697158308,-3.0364501951429936,-74.32086980636575,83.26992615252665,95.43560339392158,0.0034679999999999997,0.14502017255177213,0.010178709463334004,0.01918444223015186
69.4769031235601,1.871751122852799,-1.591831310900169,-62.5774726126513,-94.13985413925451,86.27966662121003,0.0034709999999999997,0.1450105741994197,-0.025798541530134937,0.012125415804653426
56.96721598847813,1.160479418208694,-4.866941261476125,-6.822052110039441,64.36014236634337,105.06673210927183,0.003479,0.14500245835681203,0.01268157753525875,0.0341015267849305
65.16552574668566,0.3287854801682736,-4.7407353270626125,-40.20599723155285,24.445074621947406,100.98555489111182,0.0034969999999999997,0.1450570762419586,0.0046618451259590465,0.028430040851507982
61.92673819513739,0.060921809257476735,-4.517370840644574,-23.804369902255026,-75.10065334671039,98.39733555007338,0.0035619999999999996,0.14506184015626877,-0.017441148397006993,0.02744702898957034
54.720428511569935,2.5645722441393257,-4.944630900444796,-8.73852507629262,78.2126566042083,104.3448641375288,0.0035689999999999997,0.14502786638466503,0.01788630068318443,0.03429155834406434
54.642698820937966,1.5240076427297262,-0.8741976309524156,-28.19916735037413,-98.60320283682991,88.3442295068493,0.003671,0.1450422128785047,-0.03394434341900757,0.02240740832269243
92.63671598786735,-0.7084726307274842,-1.1255779788783313,-90.7714143199376,69.05174767428211,58.39591015529069,0.003689,0.14502927198792726,0.010059376192130928,0.008058747467174913
96.70606399686686,-0.4957080322205753,-0.72379228617297,-94.3136511459658,48.638921347238856,46.80368263089776,0.003702,0.14509191286437872,0.007105912183325169,0.005586998509531431
46.41693280975219,0.00007162675006411646,-6.070762930406287,16.73605475504892,2.193705806032215,109.99499090524266,0.0037319999999999996,0.1450045341524977,0.003956174245478097,0.04828524694804286
51.726506597573255,-3.0034813526314084,-5.068124590518698,-12.994481518929874,-83.6356622505493,104.20433666654725,0.003763,0.14503115426068963,-0.0244233997714793,0.0340957677159114
45.28516606842036,-1.2906397476377647,-5.646613590733636,-2.0004438794241013,-18.76002504286728,109.72338497983895,0.003887,0.1450056907319751,-0.0075573409813107385,0.045723406255357465
96.49388725795548,-0.6751622878631122,-0.9656531833162245,-96.14752487794347,59.264963121901026,48.571230999886176,0.0038929999999999998,0.14507105549800775,0.009790124790758876,0.007219041040522632
60.59911659515364,-0.3363255666798617,-5.280405876219001,-55.10589989163707,-18.794466028187575,104.01774436325013,0.0039049999999999996,0.14503744448869915,-0.005313403621568195,0.03035241861188019
53.833183431505624,1.9281294570603107,-6.127529461636653,-33.36087211650446,45.72242363390816,107.32062133528086,0.003938,0.14503353325821625,0.006772151444711368,0.035178310864919224
48.243605488571085,2.393285153241172,-5.9455613181075755,4.215739454631863,64.16010443396802,105.69268201012699,0.003938,0.14501738750876217,0.02047412972178058,0.03830735730921331
55.25075761369183,2.8178335320718624,0.21514225692135036,-52.40083094541031,-105.82000667342248,24.46035766683167,0.003941,0.14501825428038992,-0.038000534466230126,0.0063204191510691085
56.79768809893042,-0.5322935103445616,-5.455728505988819,-49.09957836304649,-44.89574879894483,103.07830255473192,0.003992,0.1450196856788141,-0.013710924213736516,0.030887767742241706
55.688528007328074,1.1937534669010519,-6.018474776189126,-43.460390559146525,22.125682042806684,107.08278623867156,0.0040019999999999995,0.14501770023439395,0.0026387723902528376,0.03393784629755588
46.21977748448704,-2.808344083218316,-6.302535999677256,2.644033946681309,-30.030735925231124,106.6178547538668,0.004013,0.14500048039644747,-0.013870914863540437,0.0409280891614547
51.6137002851302,-0.23050681316426358,-6.640887041555889,-19.955890350728207,-3.9479155318344445,109.700617001518,0.00403,0.1450361726869365,-0.0016712823067343771,0.037746268463002684
45.012054661272664,-1.2814976124840598,-6.255924212636104,-12.49275595669889,-21.956458963813336,110.82536613112268,0.004032,0.14502720247901144,-0.008265157508580595,0.04441775740775303
41.830713934608525,-0.6025889850450123,-5.05626005815753,-12.351710883276814,-3.1364844664782057,109.67391966717936,0.004037,0.14501093831404582,0.003489117332129859,0.049866865026938774
93.18045924867427,0.5373350826910657,-1.8392052529582603,-93.91324225237987,-4.20115437496203,70.87075036973197,0.004039,0.14502887720986873,-0.007626442667877002,0.01268679327736124
61.44115409507248,-2.4495372317653743,-1.0353121569353805,-64.1068343024719,100.48443403609149,65.0585275394549,0.004075,0.14503406369149013,0.03292253921636074,0.009467184058755405
45.460928985961615,-1.0376927398893934,-6.6828571172674875,-0.5427377910256089,-10.339039316192801,109.10176033004014,0.004079,0.14502458088857698,-0.005562901393598089,0.04280969154218256
48.25039521836026,2.198323521314875,-6.550580167201309,-28.98527293902124,41.47925805465345,109.43243170774224,0.004083,0.14500620221297672,0.008743283594892024,0.039291284096033496
91.19696741945711,0.536497551865831,-2.0367609889446503,-94.19056409704959,-37.89589654072099,81.31906327525859,0.0040869999999999995,0.14507380882400345,-0.007697574370515799,0.013837118062151824
98.03924386078891,-0.05195217159666137,-1.3997708785758691,-100.32020497539779,-41.46275939959964,73.44816702794542,0.004089,0.145009098698779,0.0005872271735444192,0.009986921452525024
100.26221063632389,0.1427775411914447,-1.1407533105662448,-102.86783890851319,-6.782092466601927,67.84179296980376,0.004144,0.14509543765839653,-0.002083496869690755,0.00839399741801613
45.652533288680885,2.196845901539954,-6.357252026409534,-23.443741844363466,42.69041834004507,108.46221349025467,0.004147,0.14500513536762683,0.014360883661233044,0.04059076169986068
55.82980541908205,0.8713827675339259,-5.779690092451045,-52.74880210926109,33.28761446713479,105.2945440925099,0.004147,0.1450069219135156,0.01058540762061067,0.032068269633202674
95.34850493671829,-0.3134294906626789,-1.8525850096518957,-98.97236364885784,15.544880643446097,74.20924824143046,0.004212,0.1450529282004587,0.004575409511151247,0.012835849705439698
42.75230992692439,-0.06903942563285252,-7.217156595730681,-8.839606068743537,-1.715108253083029,110.31315419961771,0.004340999999999999,0.14500771768687767,-0.002582575946281492,0.04399299055788933
40.150894557929604,-2.436903011092888,-6.655290527785252,-25.86456832792672,-39.34070729124783,110.19439851744316,0.004399,0.14500882187727163,-0.015174800880328843,0.04587797148770724
52.734627043241375,0.8261397856116509,-5.997843703274286,-54.36693580010794,34.70051905164446,104.73616525580766,0.00445,0.1450342736987731,0.015329590106068856,0.03207375424496617
101.25761207024334,-0.2665553577344898,-1.4970746724180968,-108.76627390247464,36.23883503904515,75.22086242907187,0.0046029999999999995,0.14508410775472574,0.004088095687802726,0.010782008337551123
104.22948537443615,0.5713533673277027,-0.53849178174492,-110.18530110028468,-30.368478055234146,28.96365637680371,0.004654999999999999,0.14507093925373024,-0.008413637298639523,0.004606184362241602
66.249620232832,-0.024926719392850346,-4.7259796789181285,-74.81048355507545,2.5541745756566865,101.60688442586692,0.004705,0.14500576828160386,0.0006715693680366686,0.028105823551046256
45.79441322433386,0.10536118173680864,-7.5522883101424405,-41.245491889295806,1.027404672692854,110.11640206878437,0.004772,0.14504338977893294,0.0008549329276579251,0.03816797311667188
40.66994892439254,3.727089689860312,1.2772968632722361,-57.33482865170006,-113.88876800175782,63.208244322784275,0.004837,0.14536720484724017,-0.04847266539976342,0.01225286664504664
38.16014273866895,-2.407410804795666,-7.793286628389723,-25.334728838329433,-33.50784394464324,113.63961839637217,0.004847,0.15411025235294448,-0.012028676078020684,0.04853066224117069
102.99652170739236,-0.6758472458939481,-1.2004895809712735,-111.78616268666632,28.92684006584125,43.46960675134803,0.004928,0.1450622618855118,0.0100388007150349,0.009006389924963719
102.59558282368361,-0.33672789297122374,-1.7876826305125335,-112.3071627024767,15.379392605665178,68.5057819738625,0.005,0.14502904836647262,0.005178238679509045,0.012810135627311111
34.24228121303337,-3.5304646041982335,-9.41361576979166,-43.04874269549553,-45.465140526957086,114.36011448089582,0.005448,0.14500850463563358,-0.021390346094251875,0.04414539364207873
100.72413597407743,0.7491084919381475,-2.0459309958012626,-115.65253772224733,-47.818677885372175,74.30852982348128,0.005481,0.14509698699021015,-0.011547012058541428,0.014654699967274497
93.23235848814107,0.7104669647265701,-3.1473590275242924,-112.15854796198415,-13.317659083113902,66.16648029229724,0.005873,0.1450682541471728,-0.011792175531015714,0.021488239092595205
35.79357531607179,4.221371426669394,-8.695436693115225,-52.677877387632584,67.63534605222445,113.0123871936438,0.005893,0.14501580316983984,0.031730046834459916,0.03655901583126504
94.17084593748382,0.16151150463882,-3.486219950836544,-114.84226025906896,-24.973025882978664,81.28661434642294,0.006153,0.14507902658798374,-0.005105409335563373,0.023595179979546868
98.96578436558453,1.3287663692657392,-1.87973168469196,-117.18876376195055,-40.04575874616084,33.061722707442556,0.006286,0.14501432232234776,-0.019834305626754496,0.014115571983381441
66.64129151972804,-1.4890847147104633,-4.18306354763555,-100.89045028984962,74.09554573696599,82.93716247440364,0.006475,0.1450386368444354,0.027298782113414702,0.02676140032066172
29.497896145898025,-2.2409073384238125,-12.41820562244074,-55.703469643127,-19.31720771747205,120.47995420571972,0.006529,0.14500661950479535,-0.01020935116132567,0.047474976830361906
91.37590341550751,1.3005112458752486,-3.0065859796546763,-118.84609231515336,-37.261964498266074,60.89576065239695,0.006885,0.14502121058790188,-0.021928299312931353,0.02196917785985875
108.15525557098344,-0.3851898217482233,-3.066772959822923,-128.43163691943846,6.50201095613998,58.486301065520685,0.007154,0.1450059041973522,0.007022574574467451,0.022011643435791244
96.10058862897269,-1.215099895349924,-2.915849398517016,-123.90908449050892,36.261815673916345,46.39587039562052,0.007252,0.1450490896725566,0.022061356011501658,0.021834147336276366
28.190577456083844,1.2201085680088908,-14.311112762983281,-55.888217769435,8.477019368880384,122.25038842655817,0.007719999999999999,0.14501369246456416,0.011852756452510799,0.04253399966931001
35.29473172384711,1.6702363177847563,-11.173527789754598,-56.357218759032335,9.274512969197218,118.93645638276598,0.008414999999999999,0.14501977706046376,0.01847985995634914,0.03481210556132638
21.010421745165367,2.6453376354004874,-22.17163420033204,-60.09244214122181,15.787253216502412,129.24630858832563,0.009793999999999999,0.14615746971474058,0.027696158789235086,0.04161852369574708
